cnbc news published date,cnbc news title
11/1/2012,20 Stocks With the Potential to Drop (Q1 2012)
18/1/2012,Porn and the Condom Conundrum 
23/1/2012,Foreclosure Investors are Double-Edged Sword 
25/1/2012,What Apple‚Äôs $100 Billion Really Means 
15/2/2012,"Retailer Grows Up, Along With His Business"
16/3/2012,"Global Markets Up, but Where Is the Retail Investor?"
26/3/2012,Prepare for an Oil Shock With Currencies
5/4/2012,Morgan Stanley Tries to Stave Off Ratings Cut 
16/4/2012,"Market Anxiety Hits Transports, Russell 2000, Nasdaq"
17/4/2012,IBM Earnings Exceed Forecasts; Revenue Is Light
18/4/2012,Ted Nugent to Meet Secret Service Over Obama Words 
17/5/2012,How to Make a Killing on the Euro Crash 
25/5/2012,British Expats Rush to Sell Euro Properties
11/6/2012,Surge in Products Being Recalled May Be Numbing Consumers
22/6/2012,"Wealth Gap Rises Between Whites, Non-Whites"
10/7/2012,Dumb Money: Hedge Funds Can't Even Beat Bond Funds
18/7/2012,5 Stocks Insiders Love Right Now
26/7/2012,Romney Comment on Olympics Riles Britain 
9/8/2012,"E*Trade Ousts Its CEO, Naming Its Chairman to Post"
20/8/2012,"Media Companies, Seeing Profit Slip, Push Into Education"
30/8/2012,What‚Äôs the Risk for Investors of Turkey Going Islamist ? 
30/8/2012,Colombian Oil: Is It Time To Invest?
10/9/2012,Downturn in China Spreads to Key Sectors
24/9/2012,Israel's Offshore Gas ‚Äî Bonanza or Security Threat?
1/10/2012,"Baseball Hall of Fame Presented With One-of-a-Kind Babe Ruth Painting Donated by Aaron's, Inc."
1/10/2012,US Supreme Court rejects appeal over Merrill broker bias
1/10/2012,Farmers & Merchants State Bank Announces New Waterville Office Opening
1/10/2012,Temple City Unified School District Inspires Students while Saving More Than $3.8 Million with Solar and Energy Upgrades
1/10/2012,French workers occupy plant as Arcelor decides fate
1/10/2012,Cortera Appoints Gary Brooks as Chief Marketing Officer
1/10/2012,Standish Names Raman Srivastava Co-Deputy CIO and Head of Global Fixed Income
1/10/2012,"Tortoise MLP Fund, Inc. Provides Unaudited Balance Sheet Information and Asset Coverage Ratio Update as of Sept. 30, 2012"
2/10/2012,"GLOBAL MARKETS-Euro rises on Spain speculation, stocks fall"
2/10/2012,EMerge Alliance Releases Version 1.1 of Occupied Space Standard
2/10/2012,Healthcare Market Success: Cave Consulting Group (CCGroup) Affirms Continued Downloads of Free CaveGrouper-Lite‚Ñ¢
2/10/2012,TeliaSonera says submits documents in Uzbek deal probe
2/10/2012,Research and Markets: Movies & Entertainment in the United States: Current Market Size and Forecasts to 2016
2/10/2012,TEXT-S&P revises Crown Castle outlook to stable from positive
3/10/2012,"A.M. Best Assigns Rating to WellPoint, Inc.‚Äôs New Senior Convertible Debentures"
3/10/2012,Research and Markets: Dissolved Gas Concentration in Water Edition No. 2
3/10/2012,INDICATORS - Slovakia - Oct 3
3/10/2012,UConn not planning to name center for Calhoun
4/10/2012,BP says Azeri gas flows to Turkey stopped after incident
4/10/2012,Free Trade Critical to Expanding Trade Opportunities for Both United States and Illinois - BMO Economics
5/10/2012,Titan International Announces 87% Acceptance Levels for Titan Europe plc Offer
5/10/2012,BRIEF-Denison Mines offers private placement of flow-through shares
5/10/2012,Noble Energy Announces Conference Call To Discuss New Venture Exploration Opportunities
8/10/2012,Euro zone to launch bailout fund with Spain in focus
8/10/2012,The Stocks Analysts Are Talking About
8/10/2012,New TalentBin Interest Scores to Provide Recruiters with a Quick Measure of the Intensity of a Candidates' Professional Interests
9/10/2012,MegaFon says to launch London IPO
9/10/2012,UPDATE 2-Serb central bank raises key rate to 10.75 pct
10/10/2012,"UPDATE 1-EADS, BAE in last-ditch struggle to save merger"
11/10/2012,"Avnet, Inc. CIO Steve Phillips to Deliver Keynote Address at SNW Fall 2012"
11/10/2012,Romney seeks more assertive US policy on China
12/10/2012,"MARKET EYE-Indian shares extend falls; Infosys, financials hit"
13/10/2012,Occupy London marks anniversary of St Paul's camp
19/10/2012,What an Earthquake Can Teach You About Problem Solving
24/10/2012,Taiyo Pacific Partners has Announced Daniel Ludwig and Jeffrey Cagnina Join as Managing Directors
24/10/2012,Tony NYC suburb welcomes NJ's first pot dispensary
25/10/2012,"No Trick, Big Halloween Treat from Sony Pictures Animation's HOTEL TRANSYLVANIA Director Genndy Tartakovsky"
25/10/2012,Stocks waver on a big earnings day
26/10/2012,Oppenheimer says 3Q revenue hurt by economic news
26/10/2012,Jamie Dimon: CEOs Already Cutting Back Due to ‚ÄòFiscal Cliff‚Äô
1/11/2012,UPDATE 1-Storm Sandy knocks US Oct auto sales below estimates
1/11/2012,Greek journalist tried over Swiss bank list
2/11/2012,MerchantCashAdvanceIndustry.org Offers Business Loan Solutions to Those Affected by Hurricane Sandy
2/11/2012,FOREX-Dollar firm vs yen and euro before U.S. jobs data
3/11/2012,COMMODITIES-Down after post-storm oil supply boost; cocoa jumps
5/11/2012,Gold as Collateral: Could This Solve the Euro Crisis?
7/12/2012,More US Service Jobs Heading Offshore
10/12/2012,"Wanting Work, but Stuck in Part-Time Purgatory"
12/12/2012,Will Market's Fed Rally Continue?